Time,Ligtag,Client,Coordinate system,,
2025-11-05 10:43:00 +0800,733,1,86,,
2025-11-05 10:44:00 +0800,733,1,86,,
2025-11-05 11:00:00 +0800,733,1,86,,
2025-11-05 11:24:00 +0800,733,1,86,,
2025-11-05 11:32:00 +0800,733,1,86,,
2025-11-05 11:33:00 +0800,733,1,86,,
2025-11-05 11:47:00 +0800,5519,1,431,,
2025-11-05 11:47:00 +0800,5519,1,431,,
2025-11-05 11:54:00 +0800,5519,1,431,,
2025-11-05 11:54:00 +0800,5519,1,431,,
2025-11-05 12:24:00 +0800,733,1,86,,
2025-11-05 12:31:00 +0800,733,1,86,,
2025-11-05 13:14:00 +0800,1951,78,472,,
2025-11-05 13:14:00 +0800,1951,78,472,,
2025-11-05 13:16:00 +0800,1951,78,472,,
2025-11-05 13:16:00 +0800,1951,78,472,,
2025-11-05 13:16:00 +0800,1951,78,472,,
2025-11-05 13:16:00 +0800,1951,78,472,,
2025-11-05 13:18:00 +0800,1951,78,472,,
2025-11-05 13:18:00 +0800,1951,78,472,,
2025-11-05 14:10:00 +0800,5395,1,434,,
2025-11-05 14:19:00 +0800,733,1,86,,
2025-11-05 14:25:00 +0800,5395,1,434,,
2025-11-05 14:26:00 +0800,733,1,86,,
2025-11-05 14:30:00 +0800,733,1,86,,
2025-11-05 14:47:00 +0800,733,1,86,,
2025-11-05 14:57:00 +0800,733,1,86,,
2025-11-05 15:02:00 +0800,733,1,86,,
2025-11-05 15:04:00 +0800,733,1,86,,
2025-11-05 15:08:00 +0800,733,1,86,,
2025-11-05 15:15:00 +0800,733,1,86,,
2025-11-05 15:16:00 +0800,733,1,86,,
2025-11-05 15:16:00 +0800,733,1,86,,
2025-11-05 15:19:00 +0800,733,1,86,,
2025-11-05 15:19:00 +0800,733,1,86,,
2025-11-05 15:33:00 +0800,5395,1,434,,
2025-11-05 15:34:00 +0800,733,1,86,,
2025-11-05 15:40:00 +0800,5395,1,434,,
2025-11-05 15:53:00 +0800,5395,1,434,,
2025-11-05 15:56:00 +0800,5519,1,431,,
2025-11-05 15:59:00 +0800,5519,1,431,,
2025-11-05 16:04:00 +0800,5519,1,431,,
2025-11-05 16:06:00 +0800,5519,1,431,,
2025-11-05 16:07:00 +0800,5519,1,431,,
2025-11-05 16:14:00 +0800,733,1,86,,
2025-11-05 16:18:00 +0800,733,1,86,,
2025-11-05 16:23:00 +0800,5519,1,431,,
2025-11-05 16:23:00 +0800,5519,1,431,,
2025-11-05 16:59:00 +0800,733,1,86,,
2025-11-05 17:01:00 +0800,5441,1,459,,
2025-11-05 17:04:00 +0800,5395,1,434,,
2025-11-05 17:06:00 +0800,5395,1,434,,
2025-11-05 17:54:00 +0800,5395,1,434,,
2025-11-05 21:45:00 +0800,733,1,86,,
2025-11-05 21:47:00 +0800,733,1,86,,
2025-11-05 22:22:00 +0800,5519,1,431,,
2025-11-06 09:11:00 +0800,5529,1,456,,
2025-11-06 09:14:00 +0800,5529,1,456,,
2025-11-06 09:22:00 +0800,5529,1,456,,
2025-11-06 09:41:00 +0800,5529,1,456,,
2025-11-06 10:07:00 +0800,954,1,421,,
2025-11-06 10:10:00 +0800,954,1,421,,
2025-11-06 10:11:00 +0800,954,1,421,,
2025-11-06 10:12:00 +0800,954,1,421,,
2025-11-06 10:13:00 +0800,954,1,421,,
2025-11-06 10:13:00 +0800,954,1,421,,
2025-11-06 10:13:00 +0800,954,1,421,,
2025-11-06 10:14:00 +0800,954,1,421,,
2025-11-06 10:14:00 +0800,954,1,421,,
2025-11-06 10:15:00 +0800,954,1,421,,
2025-11-06 10:19:00 +0800,954,1,421,,
2025-11-06 10:20:00 +0800,954,1,421,,
2025-11-06 10:20:00 +0800,954,1,421,,
2025-11-06 10:22:00 +0800,954,1,421,,
2025-11-06 10:23:00 +0800,954,1,421,,
2025-11-06 10:26:00 +0800,5529,1,456,,
2025-11-06 10:33:00 +0800,5529,1,456,,
2025-11-06 10:35:00 +0800,954,1,421,,
2025-11-06 10:36:00 +0800,954,1,421,,
2025-11-06 10:36:00 +0800,954,1,421,,
2025-11-06 10:44:00 +0800,954,1,421,,
2025-11-06 10:49:00 +0800,954,1,421,,
2025-11-06 10:50:00 +0800,954,1,421,,
2025-11-06 11:05:00 +0800,954,1,421,,
2025-11-06 11:05:00 +0800,954,1,421,,
2025-11-06 11:06:00 +0800,954,1,421,,
2025-11-06 11:08:00 +0800,954,1,421,,
2025-11-06 11:09:00 +0800,954,1,421,,
2025-11-06 11:09:00 +0800,954,1,421,,
2025-11-06 11:14:00 +0800,733,1,86,,
2025-11-06 11:16:00 +0800,733,1,86,,
2025-11-06 11:18:00 +0800,733,1,86,,
2025-11-06 11:21:00 +0800,733,1,86,,
2025-11-06 11:21:00 +0800,5693,1,422,,
2025-11-06 11:34:00 +0800,5693,1,422,,
2025-11-06 11:42:00 +0800,962,1,423,,
2025-11-06 11:42:00 +0800,962,1,423,,
2025-11-06 11:54:00 +0800,962,1,423,,
2025-11-06 11:54:00 +0800,962,1,423,,
2025-11-06 13:11:00 +0800,5395,1,434,,
2025-11-06 13:17:00 +0800,5395,1,434,,
2025-11-06 13:18:00 +0800,5460,1,273,,
2025-11-06 13:39:00 +0800,5395,1,434,,
2025-11-06 13:40:00 +0800,5395,1,434,,
2025-11-06 13:40:00 +0800,5395,1,434,,
2025-11-06 13:42:00 +0800,5395,1,434,,
2025-11-06 13:51:00 +0800,5395,1,434,,
2025-11-06 14:10:00 +0800,5395,1,434,,
2025-11-06 14:14:00 +0800,5395,1,434,,
2025-11-06 14:16:00 +0800,994,1,433,,
2025-11-06 14:17:00 +0800,994,1,433,,
2025-11-06 14:21:00 +0800,733,1,86,,
2025-11-06 14:23:00 +0800,733,1,86,,
2025-11-06 14:23:00 +0800,960,1,334,,
2025-11-06 14:23:00 +0800,960,1,334,,
2025-11-06 14:24:00 +0800,5460,1,273,,
2025-11-06 14:26:00 +0800,994,1,433,,
2025-11-06 14:26:00 +0800,994,1,433,,
2025-11-06 14:27:00 +0800,994,1,433,,
2025-11-06 14:27:00 +0800,994,1,433,,
2025-11-06 14:27:00 +0800,994,1,433,,
2025-11-06 14:27:00 +0800,994,1,433,,
2025-11-06 14:28:00 +0800,994,1,433,,
2025-11-06 14:30:00 +0800,994,1,433,,
2025-11-06 14:32:00 +0800,5395,1,434,,
2025-11-06 14:34:00 +0800,733,1,86,,
2025-11-06 14:37:00 +0800,994,1,433,,
2025-11-06 14:40:00 +0800,994,1,433,,
2025-11-06 14:41:00 +0800,5395,1,434,,
2025-11-06 14:43:00 +0800,5414,1,413,,
2025-11-06 14:44:00 +0800,994,1,433,,
2025-11-06 14:46:00 +0800,5395,1,434,,
2025-11-06 14:47:00 +0800,5395,1,434,,
2025-11-06 14:53:00 +0800,4481,1,232,,
2025-11-06 14:54:00 +0800,4481,1,232,,
2025-11-06 14:54:00 +0800,4481,1,232,,
2025-11-06 14:54:00 +0800,4481,1,232,,
2025-11-06 14:54:00 +0800,4481,1,232,,
2025-11-06 14:55:00 +0800,4481,1,232,,
2025-11-06 14:56:00 +0800,994,1,433,,
2025-11-06 14:57:00 +0800,994,1,433,,
2025-11-06 14:57:00 +0800,3515,1,277,,
2025-11-06 14:59:00 +0800,3515,1,277,,
2025-11-06 15:02:00 +0800,994,1,433,,
2025-11-06 15:03:00 +0800,733,1,86,,
2025-11-06 15:04:00 +0800,4481,1,232,,
2025-11-06 15:07:00 +0800,5395,1,434,,
2025-11-06 15:07:00 +0800,5395,1,434,,
2025-11-06 15:13:00 +0800,4481,1,232,,
2025-11-06 15:13:00 +0800,4481,1,232,,
2025-11-06 15:14:00 +0800,4481,1,232,,
2025-11-06 15:14:00 +0800,733,1,86,,
2025-11-06 15:16:00 +0800,994,1,433,,
2025-11-06 15:16:00 +0800,5395,1,434,,
2025-11-06 15:17:00 +0800,994,1,433,,
2025-11-06 15:17:00 +0800,994,1,433,,
2025-11-06 15:21:00 +0800,994,1,433,,
2025-11-06 15:21:00 +0800,3515,1,277,,
2025-11-06 15:21:00 +0800,994,1,433,,
2025-11-06 15:21:00 +0800,994,1,433,,
2025-11-06 15:23:00 +0800,994,1,433,,
2025-11-06 15:23:00 +0800,994,1,433,,
2025-11-06 15:26:00 +0800,5395,1,434,,
2025-11-06 15:26:00 +0800,994,1,433,,
2025-11-06 15:27:00 +0800,5395,1,434,,
2025-11-06 15:29:00 +0800,994,1,433,,
2025-11-06 15:29:00 +0800,994,1,433,,
2025-11-06 15:29:00 +0800,5395,1,434,,
2025-11-06 15:30:00 +0800,5395,1,434,,
2025-11-06 15:31:00 +0800,994,1,433,,
2025-11-06 15:31:00 +0800,3515,1,277,,
2025-11-06 15:33:00 +0800,994,1,433,,
2025-11-06 15:33:00 +0800,994,1,433,,
2025-11-06 15:33:00 +0800,994,1,433,,
2025-11-06 15:33:00 +0800,994,1,433,,
2025-11-06 15:33:00 +0800,994,1,433,,
2025-11-06 15:36:00 +0800,994,1,433,,
2025-11-06 15:36:00 +0800,994,1,433,,
2025-11-06 15:36:00 +0800,994,1,433,,
2025-11-06 15:36:00 +0800,994,1,433,,
2025-11-06 15:44:00 +0800,994,1,433,,
2025-11-06 15:48:00 +0800,994,1,433,,
2025-11-06 15:50:00 +0800,994,1,433,,
2025-11-06 15:53:00 +0800,4728,1,273,,
2025-11-06 16:01:00 +0800,3515,1,277,,
2025-11-06 16:08:00 +0800,994,1,433,,
2025-11-06 16:08:00 +0800,994,1,433,,
2025-11-06 16:11:00 +0800,994,1,433,,
2025-11-06 16:11:00 +0800,994,1,433,,
2025-11-06 16:11:00 +0800,994,1,433,,
2025-11-06 16:11:00 +0800,994,1,433,,
2025-11-06 16:16:00 +0800,5460,1,273,,
2025-11-06 16:16:00 +0800,5460,1,273,,
2025-11-06 16:16:00 +0800,5460,1,273,,
2025-11-06 16:17:00 +0800,5460,1,273,,
2025-11-06 16:17:00 +0800,5460,1,273,,
2025-11-06 16:17:00 +0800,5460,1,273,,
2025-11-06 16:18:00 +0800,5460,1,273,,
2025-11-06 16:18:00 +0800,5460,1,273,,
2025-11-06 16:18:00 +0800,5460,1,273,,
2025-11-06 16:21:00 +0800,994,1,433,,
2025-11-06 16:24:00 +0800,994,1,433,,
2025-11-06 16:24:00 +0800,5529,1,456,,
2025-11-06 16:35:00 +0800,994,1,433,,
2025-11-06 16:35:00 +0800,994,1,433,,
2025-11-06 16:40:00 +0800,733,1,86,,
2025-11-06 16:40:00 +0800,733,1,86,,
2025-11-06 16:42:00 +0800,733,1,86,,
2025-11-06 16:42:00 +0800,733,1,86,,
2025-11-06 16:42:00 +0800,733,1,86,,
2025-11-06 16:42:00 +0800,733,1,86,,
2025-11-06 16:46:00 +0800,5460,1,273,,
2025-11-06 17:04:00 +0800,733,1,86,,
2025-11-06 17:04:00 +0800,733,1,86,,
2025-11-06 17:10:00 +0800,733,1,86,,
2025-11-06 17:10:00 +0800,733,1,86,,
2025-11-06 17:10:00 +0800,733,1,86,,
2025-11-06 17:20:00 +0800,1951,78,472,,
2025-11-06 17:21:00 +0800,1951,78,472,,
2025-11-06 17:22:00 +0800,733,1,86,,
2025-11-06 17:22:00 +0800,733,1,86,,
2025-11-06 17:23:00 +0800,1951,78,472,,
2025-11-06 17:23:00 +0800,1951,78,472,,
2025-11-06 17:23:00 +0800,1951,78,472,,
2025-11-06 17:43:00 +0800,1951,78,472,,
2025-11-06 17:47:00 +0800,733,1,86,,
2025-11-06 17:47:00 +0800,733,1,86,,
2025-11-06 18:01:00 +0800,1951,78,472,,
2025-11-06 18:01:00 +0800,1951,78,472,,
2025-11-06 18:01:00 +0800,1951,78,472,,
2025-11-06 18:03:00 +0800,1951,78,472,,
2025-11-06 18:03:00 +0800,1951,78,472,,
2025-11-06 18:04:00 +0800,1951,78,472,,
2025-11-06 18:04:00 +0800,1951,78,472,,
2025-11-06 18:23:00 +0800,733,1,86,,
2025-11-06 18:23:00 +0800,733,1,86,,
2025-11-06 18:31:00 +0800,1972,1,473,,
2025-11-06 18:35:00 +0800,733,1,86,,
2025-11-06 18:40:00 +0800,733,1,86,,
2025-11-06 18:57:00 +0800,733,1,86,,
2025-11-06 19:44:00 +0800,1972,1,433,,
2025-11-06 19:44:00 +0800,1972,1,433,,
2025-11-06 19:44:00 +0800,1972,1,433,,
2025-11-06 20:15:00 +0800,5519,1,431,,
2025-11-06 20:35:00 +0800,5519,1,431,,
2025-11-06 20:35:00 +0800,5441,1,459,,
2025-11-06 20:36:00 +0800,5441,1,459,,
2025-11-06 20:36:00 +0800,5441,1,459,,
2025-11-06 20:37:00 +0800,5519,1,431,,
2025-11-06 20:37:00 +0800,5519,1,431,,
2025-11-06 20:38:00 +0800,5519,1,431,,
2025-11-06 20:38:00 +0800,5519,1,431,,
2025-11-06 20:40:00 +0800,5519,1,431,,
2025-11-06 20:43:00 +0800,5519,1,431,,
2025-11-06 20:44:00 +0800,5519,1,431,,
2025-11-06 20:45:00 +0800,5519,1,431,,
2025-11-06 20:47:00 +0800,5519,1,431,,
2025-11-06 20:47:00 +0800,5519,1,431,,
2025-11-06 20:49:00 +0800,5519,1,431,,
2025-11-06 21:00:00 +0800,3477,1,435,,
2025-11-06 21:04:00 +0800,5519,1,431,,
2025-11-06 21:06:00 +0800,5441,1,459,,
2025-11-06 21:12:00 +0800,5519,1,431,,
2025-11-06 21:16:00 +0800,5519,1,431,,
2025-11-06 21:20:00 +0800,3477,1,435,,
2025-11-06 21:21:00 +0800,3477,1,435,,
2025-11-06 21:30:00 +0800,5519,1,431,,
2025-11-06 21:30:00 +0800,5519,1,431,,
2025-11-06 21:43:00 +0800,3477,1,435,,
2025-11-06 22:03:00 +0800,3477,1,435,,
2025-11-06 22:04:00 +0800,5519,1,431,,
2025-11-06 22:04:00 +0800,5519,1,431,,
2025-11-06 22:09:00 +0800,5519,1,431,,
2025-11-06 22:27:00 +0800,5441,1,459,,
2025-11-06 22:31:00 +0800,5519,1,431,,
2025-11-06 22:35:00 +0800,5519,1,431,,
2025-11-06 22:50:00 +0800,5519,1,431,,
2025-11-06 23:02:00 +0800,5519,1,431,,
2025-11-06 23:06:00 +0800,5519,1,431,,
2025-11-06 23:07:00 +0800,5519,1,431,,
2025-11-06 23:07:00 +0800,5519,1,431,,
2025-11-06 23:10:00 +0800,3477,1,435,,
2025-11-06 23:11:00 +0800,3477,1,435,,
2025-11-06 23:18:00 +0800,5519,1,431,,
2025-11-06 23:21:00 +0800,3477,1,435,,
2025-11-06 23:25:00 +0800,3477,1,435,,
2025-11-06 23:25:00 +0800,3477,1,435,,
2025-11-06 23:29:00 +0800,5519,1,431,,
2025-11-06 23:32:00 +0800,5519,1,431,,
2025-11-06 23:45:00 +0800,3477,1,435,,
2025-11-07 00:10:00 +0800,3477,1,435,,
2025-11-07 00:19:00 +0800,5519,1,431,,
2025-11-07 00:20:00 +0800,5519,1,431,,
2025-11-07 00:20:00 +0800,5519,1,431,,
2025-11-07 00:21:00 +0800,5441,1,459,,
2025-11-07 05:13:00 +0800,1951,78,472,,
2025-11-07 05:13:00 +0800,1951,78,472,,
2025-11-07 09:23:00 +0800,5519,1,431,,
2025-11-07 09:24:00 +0800,733,1,86,,
2025-11-07 09:30:00 +0800,5519,1,431,,
2025-11-07 09:31:00 +0800,5519,1,431,,
2025-11-07 09:43:00 +0800,5519,1,431,,
2025-11-07 09:48:00 +0800,3477,1,435,,
2025-11-07 09:48:00 +0800,3477,1,435,,
2025-11-07 09:48:00 +0800,3477,1,435,,
2025-11-07 09:56:00 +0800,733,1,86,,
2025-11-07 10:04:00 +0800,3477,1,435,,
2025-11-07 10:04:00 +0800,3477,1,435,,
2025-11-07 10:04:00 +0800,3477,1,435,,
2025-11-07 10:04:00 +0800,3477,1,435,,
2025-11-07 10:04:00 +0800,3477,1,435,,
2025-11-07 10:04:00 +0800,3477,1,435,,
2025-11-07 10:04:00 +0800,3477,1,435,,
2025-11-07 10:04:00 +0800,3477,1,435,,
2025-11-07 10:04:00 +0800,3477,1,435,,
2025-11-07 10:04:00 +0800,3477,1,435,,
2025-11-07 10:05:00 +0800,3477,1,435,,
2025-11-07 10:05:00 +0800,3477,1,435,,
2025-11-07 10:12:00 +0800,5519,1,431,,
2025-11-07 10:12:00 +0800,5519,1,431,,
2025-11-07 10:16:00 +0800,5519,1,431,,
2025-11-07 10:16:00 +0800,3477,1,435,,
2025-11-07 10:16:00 +0800,3477,1,435,,
2025-11-07 10:16:00 +0800,3477,1,435,,
2025-11-07 10:16:00 +0800,3477,1,435,,
2025-11-07 10:16:00 +0800,3477,1,435,,
2025-11-07 10:16:00 +0800,3477,1,435,,
2025-11-07 10:16:00 +0800,3477,1,435,,
2025-11-07 10:18:00 +0800,5519,1,431,,
2025-11-07 10:18:00 +0800,5519,1,431,,
2025-11-07 10:18:00 +0800,5519,1,431,,
2025-11-07 10:18:00 +0800,5519,1,431,,
2025-11-07 10:18:00 +0800,5519,1,431,,
2025-11-07 10:18:00 +0800,5519,1,431,,
2025-11-07 10:18:00 +0800,5519,1,431,,
2025-11-07 10:18:00 +0800,5519,1,431,,
2025-11-07 10:18:00 +0800,5519,1,431,,
2025-11-07 10:18:00 +0800,5519,1,431,,
2025-11-07 10:18:00 +0800,5519,1,431,,
2025-11-07 10:18:00 +0800,5519,1,431,,
2025-11-07 10:23:00 +0800,3477,1,435,,
2025-11-07 10:31:00 +0800,733,1,86,,
2025-11-07 10:39:00 +0800,3477,1,435,,
2025-11-07 10:49:00 +0800,733,1,86,,
2025-11-07 11:00:00 +0800,3477,1,435,,
2025-11-07 11:01:00 +0800,5519,1,431,,
2025-11-07 11:02:00 +0800,3477,1,435,,
2025-11-07 11:02:00 +0800,3477,1,435,,
2025-11-07 11:02:00 +0800,3477,1,435,,
2025-11-07 11:02:00 +0800,5395,1,434,,
2025-11-07 11:03:00 +0800,733,1,86,,
2025-11-07 11:04:00 +0800,5519,1,431,,
2025-11-07 11:04:00 +0800,3477,1,435,,
2025-11-07 11:05:00 +0800,3477,1,435,,
2025-11-07 11:06:00 +0800,3477,1,435,,
2025-11-07 11:06:00 +0800,5519,1,431,,
2025-11-07 11:06:00 +0800,5519,1,431,,
2025-11-07 11:06:00 +0800,5519,1,431,,
2025-11-07 11:06:00 +0800,5519,1,431,,
2025-11-07 11:06:00 +0800,5519,1,431,,
2025-11-07 11:06:00 +0800,5519,1,431,,
2025-11-07 11:06:00 +0800,5519,1,431,,
2025-11-07 11:18:00 +0800,5519,1,431,,
2025-11-07 11:23:00 +0800,5519,1,431,,
2025-11-07 11:25:00 +0800,3477,1,435,,
2025-11-07 11:33:00 +0800,5519,1,431,,
2025-11-07 11:33:00 +0800,5519,1,431,,
2025-11-07 11:39:00 +0800,5519,1,431,,
2025-11-07 11:48:00 +0800,3477,1,435,,
2025-11-07 12:06:00 +0800,733,1,86,,
2025-11-07 12:07:00 +0800,3477,1,435,,
2025-11-07 12:17:00 +0800,5519,1,431,,
2025-11-07 12:38:00 +0800,5519,1,431,,
2025-11-07 12:48:00 +0800,5519,1,431,,
2025-11-07 12:55:00 +0800,3477,1,435,,
2025-11-07 12:56:00 +0800,4680,1,436,,
2025-11-07 12:58:00 +0800,3514,1,447,,
2025-11-07 12:58:00 +0800,3514,1,447,,
2025-11-07 13:03:00 +0800,3075,1,445,,
2025-11-07 13:03:00 +0800,3075,1,445,,
2025-11-07 13:03:00 +0800,3075,1,445,,
2025-11-07 13:03:00 +0800,4952,1,444,,
2025-11-07 13:04:00 +0800,4952,1,444,,
2025-11-07 13:06:00 +0800,4952,1,444,,
2025-11-07 13:07:00 +0800,3477,1,435,,
2025-11-07 13:08:00 +0800,3477,1,435,,
2025-11-07 13:08:00 +0800,3477,1,435,,
2025-11-07 13:21:00 +0800,5519,1,431,,
2025-11-07 13:23:00 +0800,3477,1,435,,
2025-11-07 13:23:00 +0800,3477,1,435,,
2025-11-07 13:30:00 +0800,3477,1,435,,
2025-11-07 13:30:00 +0800,3477,1,435,,
2025-11-07 13:36:00 +0800,5519,1,431,,
2025-11-07 13:37:00 +0800,5519,1,431,,
2025-11-07 13:53:00 +0800,5519,1,431,,
2025-11-07 13:55:00 +0800,733,1,86,,
2025-11-07 14:03:00 +0800,3477,1,435,,
2025-11-07 14:04:00 +0800,3477,1,435,,
2025-11-07 14:09:00 +0800,5441,1,459,,
2025-11-07 14:11:00 +0800,5519,1,431,,
2025-11-07 14:13:00 +0800,5441,1,459,,
2025-11-07 14:16:00 +0800,733,1,86,,
2025-11-07 14:19:00 +0800,733,1,86,,
2025-11-07 14:20:00 +0800,733,1,86,,
2025-11-07 14:23:00 +0800,3477,1,435,,
2025-11-07 14:25:00 +0800,733,1,86,,
2025-11-07 14:36:00 +0800,5519,1,431,,
2025-11-07 14:37:00 +0800,5519,1,431,,
2025-11-07 15:00:00 +0800,5519,1,431,,
2025-11-07 15:10:00 +0800,3509,1,441,,
2025-11-07 15:12:00 +0800,5529,1,456,,
2025-11-07 15:15:00 +0800,733,1,86,,
2025-11-07 15:17:00 +0800,5519,1,431,,
2025-11-07 15:31:00 +0800,3477,1,435,,
2025-11-07 15:31:00 +0800,3477,1,435,,
2025-11-07 15:32:00 +0800,3477,1,435,,
2025-11-07 15:36:00 +0800,3477,1,435,,
2025-11-07 15:41:00 +0800,3477,1,435,,
2025-11-07 15:44:00 +0800,3477,1,435,,
2025-11-07 15:44:00 +0800,5519,1,431,,
2025-11-07 15:55:00 +0800,3477,1,435,,
2025-11-07 16:00:00 +0800,3477,1,435,,
2025-11-07 16:02:00 +0800,3477,1,435,,
2025-11-07 16:17:00 +0800,3477,1,435,,
2025-11-07 16:21:00 +0800,5519,1,431,,
2025-11-07 16:23:00 +0800,5519,1,431,,
2025-11-07 16:23:00 +0800,5519,1,431,,
2025-11-07 16:24:00 +0800,3477,1,435,,
2025-11-07 16:26:00 +0800,5519,1,431,,
2025-11-07 16:26:00 +0800,733,1,86,,
2025-11-07 16:27:00 +0800,3477,1,435,,
2025-11-07 16:33:00 +0800,3477,1,435,,
2025-11-07 16:43:00 +0800,960,1,334,,
2025-11-07 16:49:00 +0800,3515,1,277,,
2025-11-07 16:50:00 +0800,3515,1,277,,
2025-11-07 16:57:00 +0800,5519,1,431,,
2025-11-07 17:00:00 +0800,733,1,86,,
2025-11-07 17:00:00 +0800,3477,1,435,,
2025-11-07 17:11:00 +0800,733,1,86,,
2025-11-07 17:24:00 +0800,733,1,86,,
2025-11-07 17:29:00 +0800,733,1,86,,
2025-11-07 17:33:00 +0800,733,1,86,,
2025-11-07 17:34:00 +0800,733,1,86,,
2025-11-07 17:48:00 +0800,5519,1,431,,
2025-11-07 17:48:00 +0800,5519,1,431,,
2025-11-07 17:48:00 +0800,5519,1,431,,
2025-11-07 17:54:00 +0800,733,1,86,,
2025-11-07 17:57:00 +0800,733,1,86,,
2025-11-07 17:58:00 +0800,733,1,86,,
2025-11-07 18:08:00 +0800,5519,1,431,,
2025-11-07 18:11:00 +0800,733,1,86,,
2025-11-07 18:18:00 +0800,3477,1,435,,
2025-11-07 18:23:00 +0800,5519,1,431,,
2025-11-07 18:24:00 +0800,733,1,86,,
2025-11-07 18:26:00 +0800,733,1,86,,
2025-11-07 18:30:00 +0800,5519,1,431,,
2025-11-07 18:55:00 +0800,5519,1,431,,
2025-11-07 18:56:00 +0800,5519,1,431,,
2025-11-07 18:56:00 +0800,5519,1,431,,
2025-11-07 19:11:00 +0800,3477,1,435,,
2025-11-07 19:20:00 +0800,5519,1,431,,
2025-11-07 19:42:00 +0800,3477,1,435,,
2025-11-07 20:12:00 +0800,3477,1,435,,
2025-11-07 20:12:00 +0800,3477,1,435,,
2025-11-07 20:16:00 +0800,3477,1,435,,
2025-11-07 20:22:00 +0800,5519,1,431,,
2025-11-07 20:30:00 +0800,5519,1,431,,
2025-11-07 20:30:00 +0800,5519,1,431,,
2025-11-07 20:30:00 +0800,3477,1,435,,
2025-11-07 21:23:00 +0800,5519,1,431,,
2025-11-08 09:45:00 +0800,5519,1,431,,
2025-11-08 09:51:00 +0800,3477,1,435,,
2025-11-08 09:52:00 +0800,5519,1,431,,
2025-11-08 09:52:00 +0800,3477,1,435,,
2025-11-08 09:52:00 +0800,5519,1,431,,
2025-11-08 09:52:00 +0800,5519,1,431,,
2025-11-08 09:52:00 +0800,5519,1,431,,
2025-11-08 09:52:00 +0800,3477,1,435,,
2025-11-08 09:52:00 +0800,5519,1,431,,
2025-11-08 09:53:00 +0800,3477,1,435,,
2025-11-08 09:53:00 +0800,3477,1,435,,
2025-11-08 10:11:00 +0800,5519,1,431,,
2025-11-08 10:43:00 +0800,5519,1,431,,
2025-11-08 11:25:00 +0800,5519,1,431,,
2025-11-08 11:29:00 +0800,5519,1,431,,
2025-11-08 11:29:00 +0800,5519,1,431,,
2025-11-08 11:38:00 +0800,3477,1,435,,
2025-11-08 11:52:00 +0800,3477,1,435,,
2025-11-08 12:18:00 +0800,3477,1,435,,
2025-11-08 12:24:00 +0800,5519,1,431,,
2025-11-08 12:29:00 +0800,5519,1,431,,
2025-11-08 12:50:00 +0800,3477,1,435,,
2025-11-08 12:52:00 +0800,3477,1,435,,
2025-11-08 13:23:00 +0800,3477,1,435,,
2025-11-08 13:23:00 +0800,3477,1,435,,
2025-11-08 13:23:00 +0800,3477,1,435,,
2025-11-08 13:29:00 +0800,5519,1,431,,
2025-11-08 13:35:00 +0800,5519,1,431,,
2025-11-08 13:45:00 +0800,5128,1,159,,
2025-11-08 13:45:00 +0800,5128,1,159,,
2025-11-08 13:47:00 +0800,5128,1,159,,
2025-11-08 13:47:00 +0800,5128,1,159,,
2025-11-08 13:47:00 +0800,5128,1,159,,
2025-11-08 13:48:00 +0800,5128,1,159,,
2025-11-08 13:48:00 +0800,5128,1,159,,
2025-11-08 13:48:00 +0800,5128,1,159,,
2025-11-08 13:50:00 +0800,4680,1,436,,
2025-11-08 14:00:00 +0800,5519,1,431,,
2025-11-08 14:01:00 +0800,5519,1,431,,
2025-11-08 14:05:00 +0800,3477,1,435,,
2025-11-08 14:09:00 +0800,5128,1,159,,
2025-11-08 14:10:00 +0800,5128,1,159,,
2025-11-08 14:12:00 +0800,5519,1,431,,
2025-11-08 14:13:00 +0800,3313,1,159,,
2025-11-08 14:13:00 +0800,5519,1,431,,
2025-11-08 14:13:00 +0800,3313,1,159,,
2025-11-08 14:13:00 +0800,3313,1,159,,
2025-11-08 14:14:00 +0800,3477,1,435,,
2025-11-08 14:15:00 +0800,3313,1,159,,
2025-11-08 14:33:00 +0800,3313,1,159,,
2025-11-08 14:33:00 +0800,3313,1,159,,
2025-11-08 14:34:00 +0800,3313,1,159,,
2025-11-08 14:35:00 +0800,3313,1,159,,
2025-11-08 14:35:00 +0800,3313,1,159,,
2025-11-08 14:36:00 +0800,3313,1,159,,
2025-11-08 14:48:00 +0800,3477,1,435,,
2025-11-08 14:48:00 +0800,3477,1,435,,
2025-11-08 15:01:00 +0800,3509,1,441,,
2025-11-08 15:14:00 +0800,4680,1,436,,
2025-11-08 15:28:00 +0800,5519,1,431,,
2025-11-08 15:35:00 +0800,5519,1,431,,
2025-11-08 15:37:00 +0800,5519,1,431,,
2025-11-08 15:37:00 +0800,5519,1,431,,
2025-11-08 15:39:00 +0800,5519,1,431,,
2025-11-08 15:46:00 +0800,5128,1,159,,
2025-11-08 15:46:00 +0800,5128,1,159,,
2025-11-08 15:46:00 +0800,5128,1,159,,
2025-11-08 15:47:00 +0800,5128,1,159,,
2025-11-08 15:48:00 +0800,5128,1,159,,
2025-11-08 15:49:00 +0800,5128,1,159,,
2025-11-08 16:04:00 +0800,3477,1,435,,
2025-11-08 16:05:00 +0800,3477,1,435,,
2025-11-08 16:05:00 +0800,3477,1,435,,
2025-11-08 16:05:00 +0800,3477,1,435,,
2025-11-08 16:12:00 +0800,5519,1,431,,
2025-11-08 16:12:00 +0800,5519,1,431,,
2025-11-08 16:12:00 +0800,5519,1,431,,
2025-11-08 16:12:00 +0800,5519,1,431,,
2025-11-08 16:29:00 +0800,3477,1,435,,
2025-11-08 16:31:00 +0800,4680,1,436,,
2025-11-08 16:46:00 +0800,3515,1,277,,
2025-11-08 16:46:00 +0800,3515,1,277,,
2025-11-08 17:06:00 +0800,5519,1,431,,
2025-11-08 17:06:00 +0800,5519,1,431,,
2025-11-08 18:06:00 +0800,5519,1,431,,
2025-11-08 18:07:00 +0800,5519,1,431,,
2025-11-08 18:12:00 +0800,3477,1,435,,
2025-11-08 18:24:00 +0800,3477,1,435,,
2025-11-08 18:51:00 +0800,5519,1,431,,
2025-11-08 18:51:00 +0800,5519,1,431,,
2025-11-08 19:15:00 +0800,3477,1,435,,
2025-11-08 19:15:00 +0800,3477,1,435,,
2025-11-08 19:15:00 +0800,3477,1,435,,
2025-11-08 19:15:00 +0800,3477,1,435,,
2025-11-08 19:15:00 +0800,3477,1,435,,
2025-11-08 19:15:00 +0800,3477,1,435,,
2025-11-08 19:15:00 +0800,3477,1,435,,
2025-11-08 19:16:00 +0800,5519,1,431,,
2025-11-08 19:16:00 +0800,5519,1,431,,
2025-11-08 20:22:00 +0800,3477,1,435,,
2025-11-08 20:23:00 +0800,5519,1,431,,
2025-11-08 20:27:00 +0800,5519,1,431,,
2025-11-08 20:27:00 +0800,5519,1,431,,
2025-11-08 20:43:00 +0800,5519,1,431,,
2025-11-08 21:34:00 +0800,5519,1,431,,